Person ID,First name,Last name,Party,Constituency,URI
10001,Diane,Abbott,Labour,Hackney North & Stoke Newington,http://www.theyworkforyou.com/mp/diane_abbott/hackney_north_and_stoke_newington
10002,Gerry,Adams,Sinn Fein,Belfast West,http://www.theyworkforyou.com/mp/gerry_adams/belfast_west
11929,Adam,Afriyie,Conservative,Windsor,http://www.theyworkforyou.com/mp/adam_afriyie/windsor
10004,Nick,Ainger,Labour,Carmarthen West & South Pembrokeshire,http://www.theyworkforyou.com/mp/nick_ainger/carmarthen_west_and_south_pembrokeshire
10005,Bob,Ainsworth,Labour,Coventry North East,http://www.theyworkforyou.com/mp/bob_ainsworth/coventry_north_east
10006,Peter,Ainsworth,Conservative,East Surrey,http://www.theyworkforyou.com/mp/peter_ainsworth/east_surrey
11995,Danny,Alexander,Liberal Democrat,"Inverness, Nairn, Badenoch & Strathspey",http://www.theyworkforyou.com/mp/danny_alexander/inverness%2C_nairn%2C_badenoch_and_strathspey
10661,Douglas,Alexander,Labour,Paisley & Renfrewshire South,http://www.theyworkforyou.com/mp/douglas_alexander/paisley_and_renfrewshire_south
10008,Graham,Allen,Labour,Nottingham North,http://www.theyworkforyou.com/mp/graham_allen/nottingham_north
10009,David,Amess,Conservative,Southend West,http://www.theyworkforyou.com/mp/david_amess/southend_west
10010,Michael,Ancram,Conservative,Devizes,http://www.theyworkforyou.com/mp/michael_ancram/devizes
11427,David,Anderson,Labour,Blaydon,http://www.theyworkforyou.com/mp/david_anderson/blaydon
10012,Janet,Anderson,Labour,Rossendale & Darwen,http://www.theyworkforyou.com/mp/janet_anderson/rossendale_and_darwen
10013,James,Arbuthnot,Conservative,North East Hampshire,http://www.theyworkforyou.com/mp/james_arbuthnot/north_east_hampshire
10014,Hilary,Armstrong,Labour,North West Durham,http://www.theyworkforyou.com/mp/hilary_armstrong/north_west_durham
10018,Charlotte,Atkins,Labour,Staffordshire Moorlands,http://www.theyworkforyou.com/mp/charlotte_atkins/staffordshire_moorlands
10020,Peter,Atkinson,Conservative,Hexham,http://www.theyworkforyou.com/mp/peter_atkinson/hexham
11553,Ian,Austin,Labour,Dudley North,http://www.theyworkforyou.com/mp/ian_austin/dudley_north
10021,John,Austin,Labour,Erith & Thamesmead,http://www.theyworkforyou.com/mp/john_austin/erith_and_thamesmead
10707,Richard,Bacon,Conservative,South Norfolk,http://www.theyworkforyou.com/mp/richard_bacon/south_norfolk
10683,Adrian,Bailey,Labour,West Bromwich West,http://www.theyworkforyou.com/mp/adrian_bailey/west_bromwich_west
24697,William,Bain,Labour,Glasgow North East,http://www.theyworkforyou.com/mp/william_bain/glasgow_north_east
10709,Vera,Baird,Labour,Redcar,http://www.theyworkforyou.com/mp/vera_baird/redcar
10022,Norman,Baker,Liberal Democrat,Lewes,http://www.theyworkforyou.com/mp/norman_baker/lewes
10023,Tony,Baldry,Conservative,Banbury,http://www.theyworkforyou.com/mp/tony_baldry/banbury
11740,Edward,Balls,Labour,Normanton,http://www.theyworkforyou.com/mp/edward_balls/normanton
12005,Gordon,Banks,Labour,Ochil & Perthshire South,http://www.theyworkforyou.com/mp/gordon_banks/ochil_and_perthshire_south
10713,Gregory,Barker,Conservative,Bexhill & Battle,http://www.theyworkforyou.com/mp/gregory_barker/bexhill_and_battle
11644,Celia,Barlow,Labour,Hove,http://www.theyworkforyou.com/mp/celia_barlow/hove
10715,John,Baron,Conservative,Billericay,http://www.theyworkforyou.com/mp/john_baron/billericay
10716,John,Barrett,Liberal Democrat,Edinburgh West,http://www.theyworkforyou.com/mp/john_barrett/edinburgh_west
10027,Kevin,Barron,Labour,Rother Valley,http://www.theyworkforyou.com/mp/kevin_barron/rother_valley
10028,John,Battle,Labour,Leeds West,http://www.theyworkforyou.com/mp/john_battle/leeds_west
10029,Hugh,Bayley,Labour,"York, City of",http://www.theyworkforyou.com/mp/hugh_bayley/york%2C_city_of
10031,Margaret,Beckett,Labour,Derby South,http://www.theyworkforyou.com/mp/margaret_beckett/derby_south
10032,Anne,Begg,Labour,Aberdeen South,http://www.theyworkforyou.com/mp/anne_begg/aberdeen_south
10034,Alan,Beith,Liberal Democrat,Berwick-upon-Tweed,http://www.theyworkforyou.com/mp/alan_beith/berwick-upon-tweed
10036,Stuart,Bell,Labour,Middlesbrough,http://www.theyworkforyou.com/mp/stuart_bell/middlesbrough
10726,Henry,Bellingham,Conservative,North West Norfolk,http://www.theyworkforyou.com/mp/henry_bellingham/north_west_norfolk
10669,Hilary,Benn,Labour,Leeds Central,http://www.theyworkforyou.com/mp/hilary_benn/leeds_central
10039,Joe,Benton,Labour,Bootle,http://www.theyworkforyou.com/mp/joe_benton/bootle
11727,Richard,Benyon,Conservative,Newbury,http://www.theyworkforyou.com/mp/richard_benyon/newbury
10040,John,Bercow,-,Buckingham,http://www.theyworkforyou.com/mp/john_bercow/buckingham
10041,Paul,Beresford,Conservative,Mole Valley,http://www.theyworkforyou.com/mp/paul_beresford/mole_valley
10043,Roger,Berry,Labour,Kingswood,http://www.theyworkforyou.com/mp/roger_berry/kingswood
10045,Clive,Betts,Labour,"Sheffield, Attercliffe",http://www.theyworkforyou.com/mp/clive_betts/sheffield%2C_attercliffe
11742,Brian,Binley,Conservative,Northampton South,http://www.theyworkforyou.com/mp/brian_binley/northampton_south
10046,Liz,Blackman,Labour,Erewash,http://www.theyworkforyou.com/mp/liz_blackman/erewash
11558,Roberta,Blackman-Woods,Labour,"Durham, City of",http://www.theyworkforyou.com/mp/roberta_blackman-woods/durham%2C_city_of
10048,Hazel,Blears,Labour,Salford,http://www.theyworkforyou.com/mp/hazel_blears/salford
10049,Bob,Blizzard,Labour,Waveney,http://www.theyworkforyou.com/mp/bob_blizzard/waveney
10050,David,Blunkett,Labour,"Sheffield, Brightside",http://www.theyworkforyou.com/mp/david_blunkett/sheffield%2C_brightside
10051,Crispin,Blunt,Conservative,Reigate,http://www.theyworkforyou.com/mp/crispin_blunt/reigate
11915,Peter,Bone,Conservative,Wellingborough,http://www.theyworkforyou.com/mp/peter_bone/wellingborough
10055,David,Borrow,Labour,South Ribble,http://www.theyworkforyou.com/mp/david_borrow/south_ribble
10056,Tim,Boswell,Conservative,Daventry,http://www.theyworkforyou.com/mp/tim_boswell/daventry
10057,Peter,Bottomley,Conservative,Worthing West,http://www.theyworkforyou.com/mp/peter_bottomley/worthing_west
10061,Ben,Bradshaw,Labour,Exeter,http://www.theyworkforyou.com/mp/ben_bradshaw/exeter
10062,Graham,Brady,Conservative,Altrincham & Sale West,http://www.theyworkforyou.com/mp/graham_brady/altrincham_and_sale_west
10063,Tom,Brake,Liberal Democrat,Carshalton & Wallington,http://www.theyworkforyou.com/mp/tom_brake/carshalton_and_wallington
10065,Julian,Brazier,Conservative,Canterbury,http://www.theyworkforyou.com/mp/julian_brazier/canterbury
10066,Colin,Breed,Liberal Democrat,South East Cornwall,http://www.theyworkforyou.com/mp/colin_breed/south_east_cornwall
10753,Kevin,Brennan,Labour,Cardiff West,http://www.theyworkforyou.com/mp/kevin_brennan/cardiff_west
11640,James,Brokenshire,Conservative,Hornchurch,http://www.theyworkforyou.com/mp/james_brokenshire/hornchurch
10754,Annette,Brooke,Liberal Democrat,Mid Dorset & North Poole,http://www.theyworkforyou.com/mp/annette_brooke/mid_dorset_and_north_poole
10068,Gordon,Brown,Labour,Kirkcaldy & Cowdenbeath,http://www.theyworkforyou.com/mp/gordon_brown/kirkcaldy_and_cowdenbeath
11921,Lyn,Brown,Labour,West Ham,http://www.theyworkforyou.com/mp/lyn_brown/west_ham
10069,Nick,Brown,Labour,Newcastle upon Tyne East & Wallsend,http://www.theyworkforyou.com/mp/nick_brown/newcastle_upon_tyne_east_and_wallsend
10070,Russell,Brown,Labour,Dumfries & Galloway,http://www.theyworkforyou.com/mp/russell_brown/dumfries_and_galloway
10071,Des,Browne,Labour,Kilmarnock & Loudoun,http://www.theyworkforyou.com/mp/des_browne/kilmarnock_and_loudoun
11869,Jeremy,Browne,Liberal Democrat,Taunton,http://www.theyworkforyou.com/mp/jeremy_browne/taunton
10072,Angela,Browning,Conservative,Tiverton & Honiton,http://www.theyworkforyou.com/mp/angela_browning/tiverton_and_honiton
10074,Malcolm,Bruce,Liberal Democrat,Gordon,http://www.theyworkforyou.com/mp/malcolm_bruce/gordon
10761,Chris,Bryant,Labour,Rhondda,http://www.theyworkforyou.com/mp/chris_bryant/rhondda
10075,Karen,Buck,Labour,Regent's Park & Kensington North,http://www.theyworkforyou.com/mp/karen_buck/regent%27s_park_and_kensington_north
10076,Richard,Burden,Labour,"Birmingham, Northfield",http://www.theyworkforyou.com/mp/richard_burden/birmingham%2C_northfield
10077,Colin,Burgon,Labour,Elmet,http://www.theyworkforyou.com/mp/colin_burgon/elmet
10766,Andy,Burnham,Labour,Leigh,http://www.theyworkforyou.com/mp/andy_burnham/leigh
10079,Simon,Burns,Conservative,West Chelmsford,http://www.theyworkforyou.com/mp/simon_burns/west_chelmsford
11573,David,Burrowes,Conservative,"Enfield, Southgate",http://www.theyworkforyou.com/mp/david_burrowes/enfield%2C_southgate
10080,Paul,Burstow,Liberal Democrat,Sutton & Cheam,http://www.theyworkforyou.com/mp/paul_burstow/sutton_and_cheam
10770,Alistair,Burt,Conservative,North East Bedfordshire,http://www.theyworkforyou.com/mp/alistair_burt/north_east_bedfordshire
11823,Lorely,Burt,Liberal Democrat,Solihull,http://www.theyworkforyou.com/mp/lorely_burt/solihull
11447,Dawn,Butler,Labour,Brent South,http://www.theyworkforyou.com/mp/dawn_butler/brent_south
10082,John,Butterfill,Conservative,Bournemouth West,http://www.theyworkforyou.com/mp/john_butterfill/bournemouth_west
10083,Stephen,Byers,Labour,North Tyneside,http://www.theyworkforyou.com/mp/stephen_byers/north_tyneside
11360,Liam,Byrne,Labour,"Birmingham, Hodge Hill",http://www.theyworkforyou.com/mp/liam_byrne/birmingham%2C_hodge_hill
10084,Vincent,Cable,Liberal Democrat,Twickenham,http://www.theyworkforyou.com/mp/vincent_cable/twickenham
10085,Richard,Caborn,Labour,Sheffield Central,http://www.theyworkforyou.com/mp/richard_caborn/sheffield_central
10775,David,Cairns,Labour,Inverclyde,http://www.theyworkforyou.com/mp/david_cairns/inverclyde
10777,David,Cameron,Conservative,Witney,http://www.theyworkforyou.com/mp/david_cameron/witney
10086,Alan,Campbell,Labour,Tynemouth,http://www.theyworkforyou.com/mp/alan_campbell/tynemouth
10780,Gregory,Campbell,DUP,East Londonderry,http://www.theyworkforyou.com/mp/gregory_campbell/east_londonderry
10088,Menzies,Campbell,Liberal Democrat,Fife North East,http://www.theyworkforyou.com/mp/menzies_campbell/fife_north_east
10089,Ronnie,Campbell,Labour,Blyth Valley,http://www.theyworkforyou.com/mp/ronnie_campbell/blyth_valley
10785,Alistair,Carmichael,Liberal Democrat,Orkney & Shetland,http://www.theyworkforyou.com/mp/alistair_carmichael/orkney_and_shetland
11621,Douglas,Carswell,Conservative,Harwich,http://www.theyworkforyou.com/mp/douglas_carswell/harwich
10095,William,Cash,Conservative,Stone,http://www.theyworkforyou.com/mp/william_cash/stone
10096,Martin,Caton,Labour,Gower,http://www.theyworkforyou.com/mp/martin_caton/gower
10097,Ian,Cawsey,Labour,Brigg & Goole,http://www.theyworkforyou.com/mp/ian_cawsey/brigg_and_goole
10790,Colin,Challen,Labour,Morley & Rothwell,http://www.theyworkforyou.com/mp/colin_challen/morley_and_rothwell
10098,Ben,Chapman,Labour,Wirral South,http://www.theyworkforyou.com/mp/ben_chapman/wirral_south
10100,David,Chaytor,Labour,Bury North,http://www.theyworkforyou.com/mp/david_chaytor/bury_north
10103,Christopher,Chope,Conservative,Christchurch,http://www.theyworkforyou.com/mp/christopher_chope/christchurch
10105,Michael,Clapham,Labour,Barnsley West & Penistone,http://www.theyworkforyou.com/mp/michael_clapham/barnsley_west_and_penistone
10106,James,Clappison,Conservative,Hertsmere,http://www.theyworkforyou.com/mp/james_clappison/hertsmere
11884,Greg,Clark,Conservative,Tunbridge Wells,http://www.theyworkforyou.com/mp/greg_clark/tunbridge_wells
11963,Katy,Clark,Labour,Ayrshire North & Arran,http://www.theyworkforyou.com/mp/katy_clark/ayrshire_north_and_arran
10112,Paul,Clark,Labour,Gillingham,http://www.theyworkforyou.com/mp/paul_clark/gillingham
10113,Charles,Clarke,Labour,Norwich South,http://www.theyworkforyou.com/mp/charles_clarke/norwich_south
10115,Kenneth,Clarke,Conservative,Rushcliffe,http://www.theyworkforyou.com/mp/kenneth_clarke/rushcliffe
10116,Tom,Clarke,Labour,"Coatbridge, Chryston & Bellshill",http://www.theyworkforyou.com/mp/tom_clarke/coatbridge%2C_chryston_and_bellshill
11812,Nicholas,Clegg,Liberal Democrat,"Sheffield, Hallam",http://www.theyworkforyou.com/mp/nicholas_clegg/sheffield%2C_hallam
10118,David,Clelland,Labour,Tyne Bridge,http://www.theyworkforyou.com/mp/david_clelland/tyne_bridge
10119,Geoffrey,Clifton-Brown,Conservative,Cotswold,http://www.theyworkforyou.com/mp/geoffrey_clifton-brown/cotswold
10120,Ann,Clwyd,Labour,Cynon Valley,http://www.theyworkforyou.com/mp/ann_clwyd/cynon_valley
10121,Vernon,Coaker,Labour,Gedling,http://www.theyworkforyou.com/mp/vernon_coaker/gedling
10122,Ann,Coffey,Labour,Stockport,http://www.theyworkforyou.com/mp/ann_coffey/stockport
10123,Harry,Cohen,Labour,Leyton & Wanstead,http://www.theyworkforyou.com/mp/harry_cohen/leyton_and_wanstead
10128,Michael,Connarty,Labour,Linlithgow & Falkirk East,http://www.theyworkforyou.com/mp/michael_connarty/linlithgow_and_falkirk_east
10815,Derek,Conway,Independent,Old Bexley & Sidcup,http://www.theyworkforyou.com/mp/derek_conway/old_bexley_and_sidcup
10129,Frank,Cook,Labour,Stockton North,http://www.theyworkforyou.com/mp/frank_cook/stockton_north
11667,Rosie,Cooper,Labour,West Lancashire,http://www.theyworkforyou.com/mp/rosie_cooper/west_lancashire
10131,Yvette,Cooper,Labour,Pontefract & Castleford,http://www.theyworkforyou.com/mp/yvette_cooper/pontefract_and_castleford
10133,Jeremy,Corbyn,Labour,Islington North,http://www.theyworkforyou.com/mp/jeremy_corbyn/islington_north
10134,Patrick,Cormack,Conservative,South Staffordshire,http://www.theyworkforyou.com/mp/patrick_cormack/south_staffordshire
10137,Jim,Cousins,Labour,Newcastle upon Tyne Central,http://www.theyworkforyou.com/mp/jim_cousins/newcastle_upon_tyne_central
11541,Geoffrey,Cox,Conservative,Torridge & West Devon,http://www.theyworkforyou.com/mp/geoffrey_cox/torridge_and_west_devon
11768,Stephen,Crabb,Conservative,Preseli Pembrokeshire,http://www.theyworkforyou.com/mp/stephen_crabb/preseli_pembrokeshire
10141,David,Crausby,Labour,Bolton North East,http://www.theyworkforyou.com/mp/david_crausby/bolton_north_east
11898,Mary,Creagh,Labour,Wakefield,http://www.theyworkforyou.com/mp/mary_creagh/wakefield
10828,Jon,Cruddas,Labour,Dagenham,http://www.theyworkforyou.com/mp/jon_cruddas/dagenham
10142,Ann,Cryer,Labour,Keighley,http://www.theyworkforyou.com/mp/ann_cryer/keighley
10144,John,Cummings,Labour,Easington,http://www.theyworkforyou.com/mp/john_cummings/easington
10147,Jim,Cunningham,Labour,Coventry South,http://www.theyworkforyou.com/mp/jim_cunningham/coventry_south
10834,Tony,Cunningham,Labour,Workington,http://www.theyworkforyou.com/mp/tony_cunningham/workington
10149,David,Curry,Conservative,Skipton & Ripon,http://www.theyworkforyou.com/mp/david_curry/skipton_and_ripon
10150,Claire,Curtis-Thomas,Labour,Crosby,http://www.theyworkforyou.com/mp/claire_curtis-thomas/crosby
10153,Alistair,Darling,Labour,Edinburgh South West,http://www.theyworkforyou.com/mp/alistair_darling/edinburgh_south_west
10155,Edward,Davey,Liberal Democrat,Kingston & Surbiton,http://www.theyworkforyou.com/mp/edward_davey/kingston_and_surbiton
10842,Wayne,David,Labour,Caerphilly,http://www.theyworkforyou.com/mp/wayne_david/caerphilly
10157,Ian,Davidson,Labour,Glasgow South West,http://www.theyworkforyou.com/mp/ian_davidson/glasgow_south_west
13735,Dai,Davies,Independent,Blaenau Gwent,http://www.theyworkforyou.com/mp/dai_davies/blaenau_gwent
11719,David,Davies,Conservative,Monmouth,http://www.theyworkforyou.com/mp/david_davies/monmouth
11816,Philip,Davies,Conservative,Shipley,http://www.theyworkforyou.com/mp/philip_davies/shipley
10160,Quentin,Davies,Labour,Grantham & Stamford,http://www.theyworkforyou.com/mp/quentin_davies/grantham_and_stamford
10162,David,Davis,Conservative,Haltemprice & Howden,http://www.theyworkforyou.com/mp/david_davis/haltemprice_and_howden
10166,Janet,Dean,Labour,Burton,http://www.theyworkforyou.com/mp/janet_dean/burton
10167,John,Denham,Labour,"Southampton, Itchen",http://www.theyworkforyou.com/mp/john_denham/southampton%2C_itchen
12834,Jim,Devine,Labour,Livingston,http://www.theyworkforyou.com/mp/jim_devine/livingston
10852,Parmjit,Dhanda,Labour,Gloucester,http://www.theyworkforyou.com/mp/parmjit_dhanda/gloucester
10169,Andrew,Dismore,Labour,Hendon,http://www.theyworkforyou.com/mp/andrew_dismore/hendon
10854,Jonathan,Djanogly,Conservative,Huntingdon,http://www.theyworkforyou.com/mp/jonathan_djanogly/huntingdon
10170,Jim,Dobbin,Labour,Heywood & Middleton,http://www.theyworkforyou.com/mp/jim_dobbin/heywood_and_middleton
10171,Frank,Dobson,Labour,Holborn & St Pancras,http://www.theyworkforyou.com/mp/frank_dobson/holborn_and_st_pancras
10857,Nigel,Dodds,DUP,Belfast North,http://www.theyworkforyou.com/mp/nigel_dodds/belfast_north
10858,Pat,Doherty,Sinn Fein,West Tyrone,http://www.theyworkforyou.com/mp/pat_doherty/west_tyrone
10172,Jeffrey M,Donaldson,DUP,Lagan Valley,http://www.theyworkforyou.com/mp/jeffrey_m_donaldson/lagan_valley
10173,Brian H,Donohoe,Labour,Ayrshire Central,http://www.theyworkforyou.com/mp/brian_h_donohoe/ayrshire_central
10174,Frank,Doran,Labour,Aberdeen North,http://www.theyworkforyou.com/mp/frank_doran/aberdeen_north
10175,Stephen,Dorrell,Conservative,Charnwood,http://www.theyworkforyou.com/mp/stephen_dorrell/charnwood
11397,Nadine,Dorries,Conservative,Mid Bedfordshire,http://www.theyworkforyou.com/mp/nadine_dorries/mid_bedfordshire
10176,Jim,Dowd,Labour,Lewisham West,http://www.theyworkforyou.com/mp/jim_dowd/lewisham_west
10177,David,Drew,Labour,Stroud,http://www.theyworkforyou.com/mp/david_drew/stroud
11785,James,Duddridge,Conservative,Rochford & Southend East,http://www.theyworkforyou.com/mp/james_duddridge/rochford_and_southend_east
10179,Alan,Duncan,Conservative,Rutland & Melton,http://www.theyworkforyou.com/mp/alan_duncan/rutland_and_melton
10180,Iain,Duncan Smith,Conservative,Chingford & Woodford Green,http://www.theyworkforyou.com/mp/iain_duncan_smith/chingford_and_woodford_green
11696,Philip,Dunne,Conservative,Ludlow,http://www.theyworkforyou.com/mp/philip_dunne/ludlow
11589,Mark,Durkan,Social Democratic and Labour Party,Foyle,http://www.theyworkforyou.com/mp/mark_durkan/foyle
10182,Angela,Eagle,Labour,Wallasey,http://www.theyworkforyou.com/mp/angela_eagle/wallasey
10183,Maria,Eagle,Labour,"Liverpool, Garston",http://www.theyworkforyou.com/mp/maria_eagle/liverpool%2C_garston
10185,Clive,Efford,Labour,Eltham,http://www.theyworkforyou.com/mp/clive_efford/eltham
10186,Louise,Ellman,Labour,"Liverpool, Riverside",http://www.theyworkforyou.com/mp/louise_ellman/liverpool%2C_riverside
11437,Tobias,Ellwood,Conservative,Bournemouth East,http://www.theyworkforyou.com/mp/tobias_ellwood/bournemouth_east
11534,Natascha,Engel,Labour,North East Derbyshire,http://www.theyworkforyou.com/mp/natascha_engel/north_east_derbyshire
10188,Jeff,Ennis,Labour,Barnsley East & Mexborough,http://www.theyworkforyou.com/mp/jeff_ennis/barnsley_east_and_mexborough
10189,Bill,Etherington,Labour,Sunderland North,http://www.theyworkforyou.com/mp/bill_etherington/sunderland_north
10190,Nigel,Evans,Conservative,Ribble Valley,http://www.theyworkforyou.com/mp/nigel_evans/ribble_valley
11408,David,Evennett,Conservative,Bexleyheath & Crayford,http://www.theyworkforyou.com/mp/david_evennett/bexleyheath_and_crayford
10193,Michael,Fabricant,Conservative,Lichfield,http://www.theyworkforyou.com/mp/michael_fabricant/lichfield
10194,Michael,Fallon,Conservative,Sevenoaks,http://www.theyworkforyou.com/mp/michael_fallon/sevenoaks
10882,Paul,Farrelly,Labour,Newcastle-under-Lyme,http://www.theyworkforyou.com/mp/paul_farrelly/newcastle-under-lyme
11923,Tim,Farron,Liberal Democrat,Westmorland & Lonsdale,http://www.theyworkforyou.com/mp/tim_farron/westmorland_and_lonsdale
11641,Lynne,Featherstone,Liberal Democrat,Hornsey & Wood Green,http://www.theyworkforyou.com/mp/lynne_featherstone/hornsey_and_wood_green
10197,Frank,Field,Labour,Birkenhead,http://www.theyworkforyou.com/mp/frank_field/birkenhead
10884,Mark,Field,Conservative,Cities of London & Westminster,http://www.theyworkforyou.com/mp/mark_field/cities_of_london_and_westminster
10198,Mark,Fisher,Labour,Stoke-on-Trent Central,http://www.theyworkforyou.com/mp/mark_fisher/stoke-on-trent_central
10199,Jim,Fitzpatrick,Labour,Poplar & Canning Town,http://www.theyworkforyou.com/mp/jim_fitzpatrick/poplar_and_canning_town
11843,Robert,Flello,Labour,Stoke-on-Trent South,http://www.theyworkforyou.com/mp/robert_flello/stoke-on-trent_south
10202,Caroline,Flint,Labour,Don Valley,http://www.theyworkforyou.com/mp/caroline_flint/don_valley
10203,Paul,Flynn,Labour,Newport West,http://www.theyworkforyou.com/mp/paul_flynn/newport_west
10204,Barbara,Follett,Labour,Stevenage,http://www.theyworkforyou.com/mp/barbara_follett/stevenage
10208,Don,Foster,Liberal Democrat,Bath,http://www.theyworkforyou.com/mp/don_foster/bath
10209,Michael,Foster,Labour,Worcester,http://www.theyworkforyou.com/mp/michael_foster/worcester
10210,Michael Jabez,Foster,Labour,Hastings & Rye,http://www.theyworkforyou.com/mp/michael_jabez_foster/hastings_and_rye
10213,Liam,Fox,Conservative,Woodspring,http://www.theyworkforyou.com/mp/liam_fox/woodspring
10900,Hywel,Francis,Labour,Aberavon,http://www.theyworkforyou.com/mp/hywel_francis/aberavon
10901,Mark,Francois,Conservative,Rayleigh,http://www.theyworkforyou.com/mp/mark_francois/rayleigh
10214,Christopher,Fraser,Conservative,South West Norfolk,http://www.theyworkforyou.com/mp/christopher_fraser/south_west_norfolk
10217,Roger,Gale,Conservative,North Thanet,http://www.theyworkforyou.com/mp/roger_gale/north_thanet
10218,George,Galloway,Respect,Bethnal Green & Bow,http://www.theyworkforyou.com/mp/george_galloway/bethnal_green_and_bow
10219,Mike,Gapes,Labour,Ilford South,http://www.theyworkforyou.com/mp/mike_gapes/ilford_south
10220,Barry,Gardiner,Labour,Brent North,http://www.theyworkforyou.com/mp/barry_gardiner/brent_north
10221,Edward,Garnier,Conservative,Harborough,http://www.theyworkforyou.com/mp/edward_garnier/harborough
11633,David,Gauke,Conservative,South West Hertfordshire,http://www.theyworkforyou.com/mp/david_gauke/south_west_hertfordshire
10222,Andrew,George,Liberal Democrat,St Ives,http://www.theyworkforyou.com/mp/andrew_george/st_ives
10223,Bruce,George,Labour,Walsall South,http://www.theyworkforyou.com/mp/bruce_george/walsall_south
10224,Neil,Gerrard,Labour,Walthamstow,http://www.theyworkforyou.com/mp/neil_gerrard/walthamstow
10225,Nick,Gibb,Conservative,Bognor Regis & Littlehampton,http://www.theyworkforyou.com/mp/nick_gibb/bognor_regis_and_littlehampton
10677,Sandra,Gidley,Liberal Democrat,Romsey,http://www.theyworkforyou.com/mp/sandra_gidley/romsey
10913,Michelle,Gildernew,Sinn Fein,Fermanagh & South Tyrone,http://www.theyworkforyou.com/mp/michelle_gildernew/fermanagh_and_south_tyrone
10228,Cheryl,Gillan,Conservative,Chesham & Amersham,http://www.theyworkforyou.com/mp/cheryl_gillan/chesham_and_amersham
10229,Linda,Gilroy,Labour,"Plymouth, Sutton",http://www.theyworkforyou.com/mp/linda_gilroy/plymouth%2C_sutton
10231,Roger,Godsiff,Labour,"Birmingham, Sparkbrook & Small Heath",http://www.theyworkforyou.com/mp/roger_godsiff/birmingham%2C_sparkbrook_and_small_heath
10232,Paul,Goggins,Labour,Wythenshawe & Sale East,http://www.theyworkforyou.com/mp/paul_goggins/wythenshawe_and_sale_east
11581,Julia,Goldsworthy,Liberal Democrat,Falmouth & Camborne,http://www.theyworkforyou.com/mp/julia_goldsworthy/falmouth_and_camborne
11421,Helen,Goodman,Labour,Bishop Auckland,http://www.theyworkforyou.com/mp/helen_goodman/bishop_auckland
10918,Paul,Goodman,Conservative,Wycombe,http://www.theyworkforyou.com/mp/paul_goodman/wycombe
11804,Robert,Goodwill,Conservative,Scarborough & Whitby,http://www.theyworkforyou.com/mp/robert_goodwill/scarborough_and_whitby
11858,Michael,Gove,Conservative,Surrey Heath,http://www.theyworkforyou.com/mp/michael_gove/surrey_heath
10240,James,Gray,Conservative,North Wiltshire,http://www.theyworkforyou.com/mp/james_gray/north_wiltshire
10920,Chris,Grayling,Conservative,Epsom & Ewell,http://www.theyworkforyou.com/mp/chris_grayling/epsom_and_ewell
10241,Damian,Green,Conservative,Ashford,http://www.theyworkforyou.com/mp/damian_green/ashford
11771,Justine,Greening,Conservative,Putney,http://www.theyworkforyou.com/mp/justine_greening/putney
10242,John,Greenway,Conservative,Ryedale,http://www.theyworkforyou.com/mp/john_greenway/ryedale
10243,Dominic,Grieve,Conservative,Beaconsfield,http://www.theyworkforyou.com/mp/dominic_grieve/beaconsfield
11692,Nia,Griffith,Labour,Llanelli,http://www.theyworkforyou.com/mp/nia_griffith/llanelli
10245,Nigel,Griffiths,Labour,Edinburgh South,http://www.theyworkforyou.com/mp/nigel_griffiths/edinburgh_south
10248,John,Grogan,Labour,Selby,http://www.theyworkforyou.com/mp/john_grogan/selby
10249,John,Gummer,Conservative,Suffolk Coastal,http://www.theyworkforyou.com/mp/john_gummer/suffolk_coastal
11531,Andrew,Gwynne,Labour,Denton & Reddish,http://www.theyworkforyou.com/mp/andrew_gwynne/denton_and_reddish
10251,William,Hague,Conservative,Richmond (Yorks),http://www.theyworkforyou.com/mp/william_hague/richmond_%28yorks%29
10252,Peter,Hain,Labour,Neath,http://www.theyworkforyou.com/mp/peter_hain/neath
10253,Mike,Hall,Labour,Weaver Vale,http://www.theyworkforyou.com/mp/mike_hall/weaver_vale
10254,Patrick,Hall,Labour,Bedford,http://www.theyworkforyou.com/mp/patrick_hall/bedford
10934,David,Hamilton,Labour,Midlothian,http://www.theyworkforyou.com/mp/david_hamilton/midlothian
10256,Fabian,Hamilton,Labour,Leeds North East,http://www.theyworkforyou.com/mp/fabian_hamilton/leeds_north_east
10257,Philip,Hammond,Conservative,Runnymede & Weybridge,http://www.theyworkforyou.com/mp/philip_hammond/runnymede_and_weybridge
11927,Stephen,Hammond,Conservative,Wimbledon,http://www.theyworkforyou.com/mp/stephen_hammond/wimbledon
10258,Mike,Hancock,Liberal Democrat,Portsmouth South,http://www.theyworkforyou.com/mp/mike_hancock/portsmouth_south
11610,Greg,Hands,Conservative,Hammersmith & Fulham,http://www.theyworkforyou.com/mp/greg_hands/hammersmith_and_fulham
10259,David,Hanson,Labour,Delyn,http://www.theyworkforyou.com/mp/david_hanson/delyn
10260,Harriet,Harman,Labour,Camberwell & Peckham,http://www.theyworkforyou.com/mp/harriet_harman/camberwell_and_peckham
11588,Mark,Harper,Conservative,Forest of Dean,http://www.theyworkforyou.com/mp/mark_harper/forest_of_dean
10261,Evan,Harris,Liberal Democrat,Oxford West & Abingdon,http://www.theyworkforyou.com/mp/evan_harris/oxford_west_and_abingdon
10941,Tom,Harris,Labour,Glasgow South,http://www.theyworkforyou.com/mp/tom_harris/glasgow_south
10262,Nick,Harvey,Liberal Democrat,North Devon,http://www.theyworkforyou.com/mp/nick_harvey/north_devon
10263,Alan,Haselhurst,-,Saffron Walden,http://www.theyworkforyou.com/mp/alan_haselhurst/saffron_walden
10944,Dai,Havard,Labour,Merthyr Tydfil & Rhymney,http://www.theyworkforyou.com/mp/dai_havard/merthyr_tydfil_and_rhymney
10265,John,Hayes,Conservative,South Holland & The Deepings,http://www.theyworkforyou.com/mp/john_hayes/south_holland_and_the_deepings
10266,Sylvia,Heal,-,Halesowen & Rowley Regis,http://www.theyworkforyou.com/mp/sylvia_heal/halesowen_and_rowley_regis
10267,Oliver,Heald,Conservative,North East Hertfordshire,http://www.theyworkforyou.com/mp/oliver_heald/north_east_hertfordshire
10268,John,Healey,Labour,Wentworth,http://www.theyworkforyou.com/mp/john_healey/wentworth
10269,David,Heath,Liberal Democrat,Somerton & Frome,http://www.theyworkforyou.com/mp/david_heath/somerton_and_frome
10271,David,Heathcoat-Amory,Conservative,Wells,http://www.theyworkforyou.com/mp/david_heathcoat-amory/wells
11420,John,Hemming,Liberal Democrat,"Birmingham, Yardley",http://www.theyworkforyou.com/mp/john_hemming/birmingham%2C_yardley
10272,Doug,Henderson,Labour,Newcastle upon Tyne North,http://www.theyworkforyou.com/mp/doug_henderson/newcastle_upon_tyne_north
10682,Mark,Hendrick,Labour,Preston,http://www.theyworkforyou.com/mp/mark_hendrick/preston
10955,Charles,Hendry,Conservative,Wealden,http://www.theyworkforyou.com/mp/charles_hendry/wealden
10274,Stephen,Hepburn,Labour,Jarrow,http://www.theyworkforyou.com/mp/stephen_hepburn/jarrow
10275,John,Heppell,Labour,Nottingham East,http://www.theyworkforyou.com/mp/john_heppell/nottingham_east
11377,Nick,Herbert,Conservative,Arundel & South Downs,http://www.theyworkforyou.com/mp/nick_herbert/arundel_and_south_downs
10958,Lady,Hermon,UUP,North Down,http://www.theyworkforyou.com/mp/lady_hermon/north_down
10277,Stephen,Hesford,Labour,Wirral West,http://www.theyworkforyou.com/mp/stephen_hesford/wirral_west
10278,Patricia,Hewitt,Labour,Leicester West,http://www.theyworkforyou.com/mp/patricia_hewitt/leicester_west
10961,David,Heyes,Labour,Ashton-under-Lyne,http://www.theyworkforyou.com/mp/david_heyes/ashton-under-lyne
10279,Keith,Hill,Labour,Streatham,http://www.theyworkforyou.com/mp/keith_hill/streatham
11605,Meg,Hillier,Labour,Hackney South & Shoreditch,http://www.theyworkforyou.com/mp/meg_hillier/hackney_south_and_shoreditch
10964,Mark,Hoban,Conservative,Fareham,http://www.theyworkforyou.com/mp/mark_hoban/fareham
10281,Margaret,Hodge,Labour,Barking,http://www.theyworkforyou.com/mp/margaret_hodge/barking
11592,Sharon,Hodgson,Labour,Gateshead East & Washington West,http://www.theyworkforyou.com/mp/sharon_hodgson/gateshead_east_and_washington_west
10282,Kate,Hoey,Labour,Vauxhall,http://www.theyworkforyou.com/mp/kate_hoey/vauxhall
10283,Douglas,Hogg,Conservative,Sleaford & North Hykeham,http://www.theyworkforyou.com/mp/douglas_hogg/sleaford_and_north_hykeham
11661,Philip,Hollobone,Conservative,Kettering,http://www.theyworkforyou.com/mp/philip_hollobone/kettering
11599,Adam,Holloway,Conservative,Gravesham,http://www.theyworkforyou.com/mp/adam_holloway/gravesham
10968,Paul,Holmes,Liberal Democrat,Chesterfield,http://www.theyworkforyou.com/mp/paul_holmes/chesterfield
10285,Jimmy,Hood,Labour,Lanark & Hamilton East,http://www.theyworkforyou.com/mp/jimmy_hood/lanark_and_hamilton_east
10286,Geoff,Hoon,Labour,Ashfield,http://www.theyworkforyou.com/mp/geoff_hoon/ashfield
10287,Phil,Hope,Labour,Corby,http://www.theyworkforyou.com/mp/phil_hope/corby
10288,Kelvin,Hopkins,Labour,Luton North,http://www.theyworkforyou.com/mp/kelvin_hopkins/luton_north
10289,John,Horam,Conservative,Orpington,http://www.theyworkforyou.com/mp/john_horam/orpington
11494,Martin,Horwood,Liberal Democrat,Cheltenham,http://www.theyworkforyou.com/mp/martin_horwood/cheltenham
11973,Stewart,Hosie,Scottish National Party,Dundee East,http://www.theyworkforyou.com/mp/stewart_hosie/dundee_east
10290,Michael,Howard,Conservative,Folkestone & Hythe,http://www.theyworkforyou.com/mp/michael_howard/folkestone_and_hythe
11473,David,Howarth,Liberal Democrat,Cambridge,http://www.theyworkforyou.com/mp/david_howarth/cambridge
10292,George,Howarth,Labour,Knowsley North & Sefton East,http://www.theyworkforyou.com/mp/george_howarth/knowsley_north_and_sefton_east
10293,Gerald,Howarth,Conservative,Aldershot,http://www.theyworkforyou.com/mp/gerald_howarth/aldershot
14131,John,Howell,Conservative,Henley,http://www.theyworkforyou.com/mp/john_howell/henley
10294,Kim,Howells,Labour,Pontypridd,http://www.theyworkforyou.com/mp/kim_howells/pontypridd
10295,Lindsay,Hoyle,Labour,Chorley,http://www.theyworkforyou.com/mp/lindsay_hoyle/chorley
10296,Beverley,Hughes,Labour,Stretford & Urmston,http://www.theyworkforyou.com/mp/beverley_hughes/stretford_and_urmston
10298,Simon,Hughes,Liberal Democrat,North Southwark & Bermondsey,http://www.theyworkforyou.com/mp/simon_hughes/north_southwark_and_bermondsey
11565,Christopher,Huhne,Liberal Democrat,Eastleigh,http://www.theyworkforyou.com/mp/christopher_huhne/eastleigh
10299,Joan,Humble,Labour,Blackpool North & Fleetwood,http://www.theyworkforyou.com/mp/joan_humble/blackpool_north_and_fleetwood
11859,Jeremy,Hunt,Conservative,South West Surrey,http://www.theyworkforyou.com/mp/jeremy_hunt/south_west_surrey
12016,Mark,Hunter,Liberal Democrat,Cheadle,http://www.theyworkforyou.com/mp/mark_hunter/cheadle
11792,Nick,Hurd,Conservative,Ruislip - Northwood,http://www.theyworkforyou.com/mp/nick_hurd/ruislip_-_northwood
10303,John,Hutton,Labour,Barrow & Furness,http://www.theyworkforyou.com/mp/john_hutton/barrow_and_furness
10304,Brian,Iddon,Labour,Bolton South East,http://www.theyworkforyou.com/mp/brian_iddon/bolton_south_east
10305,Eric,Illsley,Labour,Barnsley Central,http://www.theyworkforyou.com/mp/eric_illsley/barnsley_central
10306,Adam,Ingram,Labour,"East Kilbride, Strathaven & Lesmahagow",http://www.theyworkforyou.com/mp/adam_ingram/east_kilbride%2C_strathaven_and_lesmahagow
11347,Huw,Irranca-Davies,Labour,Ogmore,http://www.theyworkforyou.com/mp/huw_irranca-davies/ogmore
10307,Michael,Jack,Conservative,Fylde,http://www.theyworkforyou.com/mp/michael_jack/fylde
10308,Glenda,Jackson,Labour,Hampstead & Highgate,http://www.theyworkforyou.com/mp/glenda_jackson/hampstead_and_highgate
11759,Stewart,Jackson,Conservative,Peterborough,http://www.theyworkforyou.com/mp/stewart_jackson/peterborough
11863,Si�n,James,Labour,Swansea East,http://www.theyworkforyou.com/mp/sian_james/swansea_east
10312,Bernard,Jenkin,Conservative,North Essex,http://www.theyworkforyou.com/mp/bernard_jenkin/north_essex
10313,Brian,Jenkins,Labour,Tamworth,http://www.theyworkforyou.com/mp/brian_jenkins/tamworth
10314,Alan,Johnson,Labour,Kingston upon Hull West & Hessle,http://www.theyworkforyou.com/mp/alan_johnson/kingston_upon_hull_west_and_hessle
11647,Diana,Johnson,Labour,Kingston upon Hull North,http://www.theyworkforyou.com/mp/diana_johnson/kingston_upon_hull_north
11506,David,Jones,Conservative,Clwyd West,http://www.theyworkforyou.com/mp/david_jones/clwyd_west
10319,Helen,Jones,Labour,Warrington North,http://www.theyworkforyou.com/mp/helen_jones/warrington_north
11003,Kevan,Jones,Labour,North Durham,http://www.theyworkforyou.com/mp/kevan_jones/north_durham
10323,Lynne,Jones,Labour,"Birmingham, Selly Oak",http://www.theyworkforyou.com/mp/lynne_jones/birmingham%2C_selly_oak
10324,Martyn,Jones,Labour,Clwyd South,http://www.theyworkforyou.com/mp/martyn_jones/clwyd_south
10326,Tessa,Jowell,Labour,Dulwich & West Norwood,http://www.theyworkforyou.com/mp/tessa_jowell/dulwich_and_west_norwood
10685,Eric,Joyce,Labour,Falkirk,http://www.theyworkforyou.com/mp/eric_joyce/falkirk
10327,Gerald,Kaufman,Labour,"Manchester, Gorton",http://www.theyworkforyou.com/mp/gerald_kaufman/manchester%2C_gorton
11817,Daniel,Kawczynski,Conservative,Shrewsbury & Atcham,http://www.theyworkforyou.com/mp/daniel_kawczynski/shrewsbury_and_atcham
10328,Sally,Keeble,Labour,Northampton North,http://www.theyworkforyou.com/mp/sally_keeble/northampton_north
11943,Barbara,Keeley,Labour,Worsley,http://www.theyworkforyou.com/mp/barbara_keeley/worsley
10329,Alan,Keen,Labour,Feltham & Heston,http://www.theyworkforyou.com/mp/alan_keen/feltham_and_heston
10330,Ann,Keen,Labour,Brentford & Isleworth,http://www.theyworkforyou.com/mp/ann_keen/brentford_and_isleworth
10331,Paul,Keetch,Liberal Democrat,Hereford,http://www.theyworkforyou.com/mp/paul_keetch/hereford
10332,Ruth,Kelly,Labour,Bolton West,http://www.theyworkforyou.com/mp/ruth_kelly/bolton_west
10333,Fraser,Kemp,Labour,Houghton & Washington East,http://www.theyworkforyou.com/mp/fraser_kemp/houghton_and_washington_east
10334,Charles,Kennedy,Liberal Democrat,"Ross, Skye & Lochaber",http://www.theyworkforyou.com/mp/charles_kennedy/ross%2C_skye_and_lochaber
10335,Jane,Kennedy,Labour,"Liverpool, Wavertree",http://www.theyworkforyou.com/mp/jane_kennedy/liverpool%2C_wavertree
10336,Robert,Key,Conservative,Salisbury,http://www.theyworkforyou.com/mp/robert_key/salisbury
11878,Sadiq,Khan,Labour,Tooting,http://www.theyworkforyou.com/mp/sadiq_khan/tooting
10338,David,Kidney,Labour,Stafford,http://www.theyworkforyou.com/mp/david_kidney/stafford
10339,Peter,Kilfoyle,Labour,"Liverpool, Walton",http://www.theyworkforyou.com/mp/peter_kilfoyle/liverpool%2C_walton
10344,Julie,Kirkbride,Conservative,Bromsgrove,http://www.theyworkforyou.com/mp/julie_kirkbride/bromsgrove
11026,Greg,Knight,Conservative,East Yorkshire,http://www.theyworkforyou.com/mp/greg_knight/east_yorkshire
11027,Jim,Knight,Labour,South Dorset,http://www.theyworkforyou.com/mp/jim_knight/south_dorset
11783,Susan,Kramer,Liberal Democrat,Richmond Park,http://www.theyworkforyou.com/mp/susan_kramer/richmond_park
10347,Stephen,Ladyman,Labour,South Thanet,http://www.theyworkforyou.com/mp/stephen_ladyman/south_thanet
10348,Eleanor,Laing,Conservative,Epping Forest,http://www.theyworkforyou.com/mp/eleanor_laing/epping_forest
10662,Jacqui,Lait,Conservative,Beckenham,http://www.theyworkforyou.com/mp/jacqui_lait/beckenham
11032,Norman,Lamb,Liberal Democrat,North Norfolk,http://www.theyworkforyou.com/mp/norman_lamb/north_norfolk
10678,David,Lammy,Labour,Tottenham,http://www.theyworkforyou.com/mp/david_lammy/tottenham
11715,Mark,Lancaster,Conservative,North East Milton Keynes,http://www.theyworkforyou.com/mp/mark_lancaster/north_east_milton_keynes
10349,Andrew,Lansley,Conservative,South Cambridgeshire,http://www.theyworkforyou.com/mp/andrew_lansley/south_cambridgeshire
11036,David,Laws,Liberal Democrat,Yeovil,http://www.theyworkforyou.com/mp/david_laws/yeovil
10351,Bob,Laxton,Labour,Derby North,http://www.theyworkforyou.com/mp/bob_laxton/derby_north
11038,Mark,Lazarowicz,Labour,Edinburgh North & Leith,http://www.theyworkforyou.com/mp/mark_lazarowicz/edinburgh_north_and_leith
11707,John,Leech,Liberal Democrat,"Manchester, Withington",http://www.theyworkforyou.com/mp/john_leech/manchester%2C_withington
10352,Edward,Leigh,Conservative,Gainsborough,http://www.theyworkforyou.com/mp/edward_leigh/gainsborough
10353,David,Lepper,Labour,"Brighton, Pavilion",http://www.theyworkforyou.com/mp/david_lepper/brighton%2C_pavilion
10355,Oliver,Letwin,Conservative,West Dorset,http://www.theyworkforyou.com/mp/oliver_letwin/west_dorset
10356,Tom,Levitt,Labour,High Peak,http://www.theyworkforyou.com/mp/tom_levitt/high_peak
10357,Ivan,Lewis,Labour,Bury South,http://www.theyworkforyou.com/mp/ivan_lewis/bury_south
10358,Julian,Lewis,Conservative,New Forest East,http://www.theyworkforyou.com/mp/julian_lewis/new_forest_east
11048,Ian,Liddell-Grainger,Conservative,Bridgwater,http://www.theyworkforyou.com/mp/ian_liddell-grainger/bridgwater
10361,David,Lidington,Conservative,Aylesbury,http://www.theyworkforyou.com/mp/david_lidington/aylesbury
10362,Peter,Lilley,Conservative,Hitchin & Harpenden,http://www.theyworkforyou.com/mp/peter_lilley/hitchin_and_harpenden
10363,Martin,Linton,Labour,Battersea,http://www.theyworkforyou.com/mp/martin_linton/battersea
10367,Tony,Lloyd,Labour,Manchester Central,http://www.theyworkforyou.com/mp/tony_lloyd/manchester_central
10368,Elfyn,Llwyd,Plaid Cymru,Meirionnydd Nant Conwy,http://www.theyworkforyou.com/mp/elfyn_llwyd/meirionnydd_nant_conwy
10370,Michael,Lord,-,Central Suffolk & North Ipswich,http://www.theyworkforyou.com/mp/michael_lord/central_suffolk_and_north_ipswich
10371,Tim,Loughton,Conservative,East Worthing & Shoreham,http://www.theyworkforyou.com/mp/tim_loughton/east_worthing_and_shoreham
10372,Andrew,Love,Labour,Edmonton,http://www.theyworkforyou.com/mp/andrew_love/edmonton
11057,Ian,Lucas,Labour,Wrexham,http://www.theyworkforyou.com/mp/ian_lucas/wrexham
10373,Peter,Luff,Conservative,Mid Worcestershire,http://www.theyworkforyou.com/mp/peter_luff/mid_worcestershire
10391,Andrew,MacKay,Conservative,Bracknell,http://www.theyworkforyou.com/mp/andrew_mackay/bracknell
10393,Andrew,MacKinlay,Labour,Thurrock,http://www.theyworkforyou.com/mp/andrew_mackinlay/thurrock
10394,David,Maclean,Conservative,Penrith & The Border,http://www.theyworkforyou.com/mp/david_maclean/penrith_and_the_border
12004,Angus,MacNeil,Scottish National Party,Na h-Eileanan an Iar,http://www.theyworkforyou.com/mp/angus_macneil/na_h-eileanan_an_iar
10401,Denis,MacShane,Labour,Rotherham,http://www.theyworkforyou.com/mp/denis_macshane/rotherham
10402,Fiona,Mactaggart,Labour,Slough,http://www.theyworkforyou.com/mp/fiona_mactaggart/slough
11087,Khalid,Mahmood,Labour,"Birmingham, Perry Barr",http://www.theyworkforyou.com/mp/khalid_mahmood/birmingham%2C_perry_barr
11798,Anne,Main,Conservative,St Albans,http://www.theyworkforyou.com/mp/anne_main/st_albans
11542,Shahid,Malik,Labour,Dewsbury,http://www.theyworkforyou.com/mp/shahid_malik/dewsbury
10409,Humfrey,Malins,Conservative,Woking,http://www.theyworkforyou.com/mp/humfrey_malins/woking
10410,Judy,Mallaber,Labour,Amber Valley,http://www.theyworkforyou.com/mp/judy_mallaber/amber_valley
11093,John,Mann,Labour,Bassetlaw,http://www.theyworkforyou.com/mp/john_mann/bassetlaw
10413,John,Maples,Conservative,Stratford-on-Avon,http://www.theyworkforyou.com/mp/john_maples/stratford-on-avon
11095,Rob,Marris,Labour,Wolverhampton South West,http://www.theyworkforyou.com/mp/rob_marris/wolverhampton_south_west
10415,Gordon,Marsden,Labour,Blackpool South,http://www.theyworkforyou.com/mp/gordon_marsden/blackpool_south
10419,Robert,Marshall-Andrews,Labour,Medway,http://www.theyworkforyou.com/mp/robert_marshall-andrews/medway
10421,Eric,Martlew,Labour,Carlisle,http://www.theyworkforyou.com/mp/eric_martlew/carlisle
14137,John,Mason,Scottish National Party,Glasgow East,http://www.theyworkforyou.com/mp/john_mason/glasgow_east
10422,Michael,Mates,Conservative,East Hampshire,http://www.theyworkforyou.com/mp/michael_mates/east_hampshire
10423,Francis,Maude,Conservative,Horsham,http://www.theyworkforyou.com/mp/francis_maude/horsham
10426,Theresa,May,Conservative,Maidenhead,http://www.theyworkforyou.com/mp/theresa_may/maidenhead
10376,Thomas,McAvoy,Labour,Rutherglen & Hamilton West,http://www.theyworkforyou.com/mp/thomas_mcavoy/rutherglen_and_hamilton_west
10377,Stephen,McCabe,Labour,"Birmingham, Hall Green",http://www.theyworkforyou.com/mp/stephen_mccabe/birmingham%2C_hall_green
10378,Chris,McCafferty,Labour,Calder Valley,http://www.theyworkforyou.com/mp/chris_mccafferty/calder_valley
11455,Kerry,McCarthy,Labour,Bristol East,http://www.theyworkforyou.com/mp/kerry_mccarthy/bristol_east
11766,Sarah,McCarthy-Fry,Labour,Portsmouth North,http://www.theyworkforyou.com/mp/sarah_mccarthy-fry/portsmouth_north
10379,Ian,McCartney,Labour,Makerfield,http://www.theyworkforyou.com/mp/ian_mccartney/makerfield
10679,William,McCrea,DUP,South Antrim,http://www.theyworkforyou.com/mp/william_mccrea/south_antrim
10381,Siobhain,McDonagh,Labour,Mitcham & Morden,http://www.theyworkforyou.com/mp/siobhain_mcdonagh/mitcham_and_morden
11402,Alasdair,McDonnell,Social Democratic and Labour Party,Belfast South,http://www.theyworkforyou.com/mp/alasdair_mcdonnell/belfast_south
10383,John,McDonnell,Labour,Hayes & Harlington,http://www.theyworkforyou.com/mp/john_mcdonnell/hayes_and_harlington
11936,Patrick,McFadden,Labour,Wolverhampton South East,http://www.theyworkforyou.com/mp/patrick_mcfadden/wolverhampton_south_east
10384,John,McFall,Labour,West Dunbartonshire,http://www.theyworkforyou.com/mp/john_mcfall/west_dunbartonshire
11974,James,McGovern,Labour,Dundee West,http://www.theyworkforyou.com/mp/james_mcgovern/dundee_west
10385,Eddie,McGrady,Social Democratic and Labour Party,South Down,http://www.theyworkforyou.com/mp/eddie_mcgrady/south_down
10387,Martin,McGuinness,Sinn Fein,Mid Ulster,http://www.theyworkforyou.com/mp/martin_mcguinness/mid_ulster
10388,Anne,McGuire,Labour,Stirling,http://www.theyworkforyou.com/mp/anne_mcguire/stirling
10389,Anne,McIntosh,Conservative,Vale of York,http://www.theyworkforyou.com/mp/anne_mcintosh/vale_of_york
10390,Shona,McIsaac,Labour,Cleethorpes,http://www.theyworkforyou.com/mp/shona_mcisaac/cleethorpes
11076,Ann,McKechin,Labour,Glasgow North,http://www.theyworkforyou.com/mp/ann_mckechin/glasgow_north
10392,Rosemary,McKenna,Labour,"Cumbernauld, Kilsyth & Kirkintilloch East",http://www.theyworkforyou.com/mp/rosemary_mckenna/cumbernauld%2C_kilsyth_and_kirkintilloch_east
10397,Patrick,McLoughlin,Conservative,West Derbyshire,http://www.theyworkforyou.com/mp/patrick_mcloughlin/west_derbyshire
10400,Tony,McNulty,Labour,Harrow East,http://www.theyworkforyou.com/mp/tony_mcnulty/harrow_east
10427,Michael,Meacher,Labour,Oldham West & Royton,http://www.theyworkforyou.com/mp/michael_meacher/oldham_west_and_royton
10428,Alan,Meale,Labour,Mansfield,http://www.theyworkforyou.com/mp/alan_meale/mansfield
11109,Patrick,Mercer,Conservative,Newark,http://www.theyworkforyou.com/mp/patrick_mercer/newark
10430,Gillian,Merron,Labour,Lincoln,http://www.theyworkforyou.com/mp/gillian_merron/lincoln
10431,Alun,Michael,Labour,Cardiff South & Penarth,http://www.theyworkforyou.com/mp/alun_michael/cardiff_south_and_penarth
10434,Alan,Milburn,Labour,Darlington,http://www.theyworkforyou.com/mp/alan_milburn/darlington
11113,David,Miliband,Labour,South Shields,http://www.theyworkforyou.com/mp/david_miliband/south_shields
11545,Edward,Miliband,Labour,Doncaster North,http://www.theyworkforyou.com/mp/edward_miliband/doncaster_north
10435,Andrew,Miller,Labour,Ellesmere Port & Neston,http://www.theyworkforyou.com/mp/andrew_miller/ellesmere_port_and_neston
11389,Maria,Miller,Conservative,Basingstoke,http://www.theyworkforyou.com/mp/maria_miller/basingstoke
11603,Anne,Milton,Conservative,Guildford,http://www.theyworkforyou.com/mp/anne_milton/guildford
11115,Andrew,Mitchell,Conservative,Sutton Coldfield,http://www.theyworkforyou.com/mp/andrew_mitchell/sutton_coldfield
10436,Austin,Mitchell,Labour,Great Grimsby,http://www.theyworkforyou.com/mp/austin_mitchell/great_grimsby
11156,Anne,Moffat,Labour,East Lothian,http://www.theyworkforyou.com/mp/anne_moffat/east_lothian
10437,Laura,Moffatt,Labour,Crawley,http://www.theyworkforyou.com/mp/laura_moffatt/crawley
11346,Chris,Mole,Labour,Ipswich,http://www.theyworkforyou.com/mp/chris_mole/ipswich
11450,Madeleine,Moon,Labour,Bridgend,http://www.theyworkforyou.com/mp/madeleine_moon/bridgend
10439,Michael,Moore,Liberal Democrat,"Berwickshire, Roxburgh & Selkirk",http://www.theyworkforyou.com/mp/michael_moore/berwickshire%2C_roxburgh_and_selkirk
10440,Margaret,Moran,Labour,Luton South,http://www.theyworkforyou.com/mp/margaret_moran/luton_south
11732,Jessica,Morden,Labour,Newport East,http://www.theyworkforyou.com/mp/jessica_morden/newport_east
10442,Julie,Morgan,Labour,Cardiff North,http://www.theyworkforyou.com/mp/julie_morgan/cardiff_north
10444,Elliot,Morley,Labour,Scunthorpe,http://www.theyworkforyou.com/mp/elliot_morley/scunthorpe
10447,Malcolm,Moss,Conservative,North East Cambridgeshire,http://www.theyworkforyou.com/mp/malcolm_moss/north_east_cambridgeshire
10448,Kali,Mountford,Labour,Colne Valley,http://www.theyworkforyou.com/mp/kali_mountford/colne_valley
10450,George,Mudie,Labour,Leeds East,http://www.theyworkforyou.com/mp/george_mudie/leeds_east
11672,Greg,Mulholland,Liberal Democrat,Leeds North West,http://www.theyworkforyou.com/mp/greg_mulholland/leeds_north_west
10451,Chris,Mullin,Labour,Sunderland South,http://www.theyworkforyou.com/mp/chris_mullin/sunderland_south
11970,David,Mundell,Conservative,"Dumfriesshire, Clydesdale & Tweeddale",http://www.theyworkforyou.com/mp/david_mundell/dumfriesshire%2C_clydesdale_and_tweeddale
11128,Meg,Munn,Labour,"Sheffield, Heeley",http://www.theyworkforyou.com/mp/meg_munn/sheffield%2C_heeley
11734,Conor,Murphy,Sinn Fein,Newry & Armagh,http://www.theyworkforyou.com/mp/conor_murphy/newry_and_armagh
10452,Denis,Murphy,Labour,Wansbeck,http://www.theyworkforyou.com/mp/denis_murphy/wansbeck
10453,Jim,Murphy,Labour,Renfrewshire East,http://www.theyworkforyou.com/mp/jim_murphy/renfrewshire_east
10454,Paul,Murphy,Labour,Torfaen,http://www.theyworkforyou.com/mp/paul_murphy/torfaen
11132,Andrew,Murrison,Conservative,Westbury,http://www.theyworkforyou.com/mp/andrew_murrison/westbury
10455,Doug,Naysmith,Labour,Bristol North West,http://www.theyworkforyou.com/mp/doug_naysmith/bristol_north_west
13736,Bob,Neill,Conservative,Bromley & Chislehurst,http://www.theyworkforyou.com/mp/bob_neill/bromley_and_chislehurst
11443,Brooks,Newmark,Conservative,Braintree,http://www.theyworkforyou.com/mp/brooks_newmark/braintree
10458,Dan,Norris,Labour,Wansdyke,http://www.theyworkforyou.com/mp/dan_norris/wansdyke
10461,Mike,O'Brien,Labour,North Warwickshire,http://www.theyworkforyou.com/mp/mike_o%27brien/north_warwickshire
10670,Stephen,O'Brien,Conservative,Eddisbury,http://www.theyworkforyou.com/mp/stephen_o%27brien/eddisbury
10462,Edward,O'Hara,Labour,Knowsley South,http://www.theyworkforyou.com/mp/edward_o%27hara/knowsley_south
10459,Mark,Oaten,Liberal Democrat,Winchester,http://www.theyworkforyou.com/mp/mark_oaten/winchester
10463,Bill,Olner,Labour,Nuneaton,http://www.theyworkforyou.com/mp/bill_olner/nuneaton
10465,Lembit,�pik,Liberal Democrat,Montgomeryshire,http://www.theyworkforyou.com/mp/lembit_opik/montgomeryshire
11145,George,Osborne,Conservative,Tatton,http://www.theyworkforyou.com/mp/george_osborne/tatton
10467,Sandra,Osborne,Labour,"Ayr, Carrick & Cumnock",http://www.theyworkforyou.com/mp/sandra_osborne/ayr%2C_carrick_and_cumnock
10468,Richard,Ottaway,Conservative,Croydon South,http://www.theyworkforyou.com/mp/richard_ottaway/croydon_south
11148,Albert,Owen,Labour,Ynys M�n,http://www.theyworkforyou.com/mp/albert_owen/ynys_mon
10470,James,Paice,Conservative,South East Cambridgeshire,http://www.theyworkforyou.com/mp/james_paice/south_east_cambridgeshire
10471,Ian,Paisley,DUP,North Antrim,http://www.theyworkforyou.com/mp/ian_paisley/north_antrim
10472,Nick,Palmer,Labour,Broxtowe,http://www.theyworkforyou.com/mp/nick_palmer/broxtowe
10473,Owen,Paterson,Conservative,North Shropshire,http://www.theyworkforyou.com/mp/owen_paterson/north_shropshire
10474,Ian,Pearson,Labour,Dudley South,http://www.theyworkforyou.com/mp/ian_pearson/dudley_south
11522,Andrew,Pelling,Independent,Croydon Central,http://www.theyworkforyou.com/mp/andrew_pelling/croydon_central
11626,Michael,Penning,Conservative,Hemel Hempstead,http://www.theyworkforyou.com/mp/michael_penning/hemel_hempstead
11924,John,Penrose,Conservative,Weston-Super-Mare,http://www.theyworkforyou.com/mp/john_penrose/weston-super-mare
10477,Eric,Pickles,Conservative,Brentwood & Ongar,http://www.theyworkforyou.com/mp/eric_pickles/brentwood_and_ongar
10480,James,Plaskitt,Labour,Warwick & Leamington,http://www.theyworkforyou.com/mp/james_plaskitt/warwick_and_leamington
10483,Greg,Pope,Labour,Hyndburn,http://www.theyworkforyou.com/mp/greg_pope/hyndburn
10484,Stephen,Pound,Labour,Ealing North,http://www.theyworkforyou.com/mp/stephen_pound/ealing_north
10486,Bridget,Prentice,Labour,Lewisham East,http://www.theyworkforyou.com/mp/bridget_prentice/lewisham_east
10487,Gordon,Prentice,Labour,Pendle,http://www.theyworkforyou.com/mp/gordon_prentice/pendle
10488,John,Prescott,Labour,Kingston upon Hull East,http://www.theyworkforyou.com/mp/john_prescott/kingston_upon_hull_east
11170,Adam,Price,Plaid Cymru,Carmarthen East & Dinefwr,http://www.theyworkforyou.com/mp/adam_price/carmarthen_east_and_dinefwr
10489,Dawn,Primarolo,Labour,Bristol South,http://www.theyworkforyou.com/mp/dawn_primarolo/bristol_south
11172,Mark,Prisk,Conservative,Hertford & Stortford,http://www.theyworkforyou.com/mp/mark_prisk/hertford_and_stortford
11946,Mark,Pritchard,Conservative,"Wrekin, The",http://www.theyworkforyou.com/mp/mark_pritchard/wrekin%2C_the
10491,Gwyn,Prosser,Labour,Dover,http://www.theyworkforyou.com/mp/gwyn_prosser/dover
11174,John,Pugh,Liberal Democrat,Southport,http://www.theyworkforyou.com/mp/john_pugh/southport
10492,Ken,Purchase,Labour,Wolverhampton North East,http://www.theyworkforyou.com/mp/ken_purchase/wolverhampton_north_east
11176,James,Purnell,Labour,Stalybridge & Hyde,http://www.theyworkforyou.com/mp/james_purnell/stalybridge_and_hyde
10496,Bill,Rammell,Labour,Harlow,http://www.theyworkforyou.com/mp/bill_rammell/harlow
10660,John,Randall,Conservative,Uxbridge,http://www.theyworkforyou.com/mp/john_randall/uxbridge
10498,Nick,Raynsford,Labour,Greenwich & Woolwich,http://www.theyworkforyou.com/mp/nick_raynsford/greenwich_and_woolwich
10499,John,Redwood,Conservative,Wokingham,http://www.theyworkforyou.com/mp/john_redwood/wokingham
10500,Andy,Reed,Labour,Loughborough,http://www.theyworkforyou.com/mp/andy_reed/loughborough
11511,Jamie,Reed,Labour,Copeland,http://www.theyworkforyou.com/mp/jamie_reed/copeland
11185,Alan,Reid,Liberal Democrat,Argyll & Bute,http://www.theyworkforyou.com/mp/alan_reid/argyll_and_bute
10501,John,Reid,Labour,Airdrie & Shotts,http://www.theyworkforyou.com/mp/john_reid/airdrie_and_shotts
13712,Willie,Rennie,Liberal Democrat,Dunfermline & Fife West,http://www.theyworkforyou.com/mp/willie_rennie/dunfermline_and_fife_west
11660,Malcolm,Rifkind,Conservative,Kensington & Chelsea,http://www.theyworkforyou.com/mp/malcolm_rifkind/kensington_and_chelsea
11607,Linda,Riordan,Labour,Halifax,http://www.theyworkforyou.com/mp/linda_riordan/halifax
10503,Andrew,Robathan,Conservative,Blaby,http://www.theyworkforyou.com/mp/andrew_robathan/blaby
11189,Angus,Robertson,Scottish National Party,Moray,http://www.theyworkforyou.com/mp/angus_robertson/moray
11190,Hugh,Robertson,Conservative,Faversham & Mid Kent,http://www.theyworkforyou.com/mp/hugh_robertson/faversham_and_mid_kent
10684,John,Robertson,Labour,Glasgow North West,http://www.theyworkforyou.com/mp/john_robertson/glasgow_north_west
10505,Laurence,Robertson,Conservative,Tewkesbury,http://www.theyworkforyou.com/mp/laurence_robertson/tewkesbury
10506,Geoffrey,Robinson,Labour,Coventry North West,http://www.theyworkforyou.com/mp/geoffrey_robinson/coventry_north_west
10507,Peter,Robinson,DUP,Belfast East,http://www.theyworkforyou.com/mp/peter_robinson/belfast_east
11513,Daniel,Rogerson,Liberal Democrat,North Cornwall,http://www.theyworkforyou.com/mp/daniel_rogerson/north_cornwall
10512,Terry,Rooney,Labour,Bradford North,http://www.theyworkforyou.com/mp/terry_rooney/bradford_north
11199,Andrew,Rosindell,Conservative,Romford,http://www.theyworkforyou.com/mp/andrew_rosindell/romford
11784,Paul,Rowen,Liberal Democrat,Rochdale,http://www.theyworkforyou.com/mp/paul_rowen/rochdale
10517,Frank,Roy,Labour,Motherwell & Wishaw,http://www.theyworkforyou.com/mp/frank_roy/motherwell_and_wishaw
14142,Lindsay,Roy,Labour,Glenrothes,http://www.theyworkforyou.com/mp/lindsay_roy/glenrothes
10518,Chris,Ruane,Labour,Vale of Clwyd,http://www.theyworkforyou.com/mp/chris_ruane/vale_of_clwyd
10519,Joan,Ruddock,Labour,"Lewisham, Deptford",http://www.theyworkforyou.com/mp/joan_ruddock/lewisham%2C_deptford
10520,David,Ruffley,Conservative,Bury St Edmunds,http://www.theyworkforyou.com/mp/david_ruffley/bury_st_edmunds
10521,Bob,Russell,Liberal Democrat,Colchester,http://www.theyworkforyou.com/mp/bob_russell/colchester
10522,Christine,Russell,Labour,"Chester, City of",http://www.theyworkforyou.com/mp/christine_russell/chester%2C_city_of
10523,Joan,Ryan,Labour,Enfield North,http://www.theyworkforyou.com/mp/joan_ryan/enfield_north
10525,Alex,Salmond,Scottish National Party,Banff & Buchan,http://www.theyworkforyou.com/mp/alex_salmond/banff_and_buchan
10526,Martin,Salter,Labour,Reading West,http://www.theyworkforyou.com/mp/martin_salter/reading_west
10527,Adrian,Sanders,Liberal Democrat,Torbay,http://www.theyworkforyou.com/mp/adrian_sanders/torbay
10528,Mohammad,Sarwar,Labour,Glasgow Central,http://www.theyworkforyou.com/mp/mohammad_sarwar/glasgow_central
11651,Lee,Scott,Conservative,Ilford North,http://www.theyworkforyou.com/mp/lee_scott/ilford_north
11760,Alison,Seabeck,Labour,"Plymouth, Devonport",http://www.theyworkforyou.com/mp/alison_seabeck/plymouth%2C_devonport
11216,Andrew,Selous,Conservative,South West Bedfordshire,http://www.theyworkforyou.com/mp/andrew_selous/south_west_bedfordshire
11917,Grant,Shapps,Conservative,Welwyn Hatfield,http://www.theyworkforyou.com/mp/grant_shapps/welwyn_hatfield
13934,Virendra,Sharma,Labour,"Ealing, Southall",http://www.theyworkforyou.com/mp/virendra_sharma/ealing%2C_southall
10533,Jonathan R,Shaw,Labour,Chatham & Aylesford,http://www.theyworkforyou.com/mp/jonathan_r_shaw/chatham_and_aylesford
10534,Barry,Sheerman,Labour,Huddersfield,http://www.theyworkforyou.com/mp/barry_sheerman/huddersfield
10537,Richard,Shepherd,Conservative,Aldridge-Brownhills,http://www.theyworkforyou.com/mp/richard_shepherd/aldridge-brownhills
11221,Jim,Sheridan,Labour,Paisley & Renfrewshire North,http://www.theyworkforyou.com/mp/jim_sheridan/paisley_and_renfrewshire_north
10540,Clare,Short,Independent Labour,"Birmingham, Ladywood",http://www.theyworkforyou.com/mp/clare_short/birmingham%2C_ladywood
11224,Mark,Simmonds,Conservative,Boston & Skegness,http://www.theyworkforyou.com/mp/mark_simmonds/boston_and_skegness
11225,Si�n,Simon,Labour,"Birmingham, Erdington",http://www.theyworkforyou.com/mp/sion_simon/birmingham%2C_erdington
10541,Alan,Simpson,Labour,Nottingham South,http://www.theyworkforyou.com/mp/alan_simpson/nottingham_south
11892,David,Simpson,DUP,Upper Bann,http://www.theyworkforyou.com/mp/david_simpson/upper_bann
10542,Keith,Simpson,Conservative,Mid Norfolk,http://www.theyworkforyou.com/mp/keith_simpson/mid_norfolk
10543,Marsha,Singh,Labour,Bradford West,http://www.theyworkforyou.com/mp/marsha_singh/bradford_west
10544,Dennis,Skinner,Labour,Bolsover,http://www.theyworkforyou.com/mp/dennis_skinner/bolsover
11559,Andrew,Slaughter,Labour,"Ealing, Acton & Shepherd's Bush",http://www.theyworkforyou.com/mp/andrew_slaughter/ealing%2C_acton_and_shepherd%27s_bush
10545,Andrew,Smith,Labour,Oxford East,http://www.theyworkforyou.com/mp/andrew_smith/oxford_east
11814,Angela,Smith,Labour,"Sheffield, Hillsborough",http://www.theyworkforyou.com/mp/angela_smith/sheffield%2C_hillsborough
10546,Angela,Smith,Labour,Basildon,http://www.theyworkforyou.com/mp/angela_smith/basildon
24691,Chloe,Smith,Conservative,Norwich North,http://www.theyworkforyou.com/mp/chloe_smith/norwich_north
10548,Geraldine,Smith,Labour,Morecambe & Lunesdale,http://www.theyworkforyou.com/mp/geraldine_smith/morecambe_and_lunesdale
10549,Jacqui,Smith,Labour,Redditch,http://www.theyworkforyou.com/mp/jacqui_smith/redditch
10550,John,Smith,Labour,Vale of Glamorgan,http://www.theyworkforyou.com/mp/john_smith/vale_of_glamorgan
10552,Robert,Smith,Liberal Democrat,Aberdeenshire West & Kincardine,http://www.theyworkforyou.com/mp/robert_smith/aberdeenshire_west_and_kincardine
11866,Anne,Snelgrove,Labour,South Swindon,http://www.theyworkforyou.com/mp/anne_snelgrove/south_swindon
10555,Nicholas,Soames,Conservative,Mid Sussex,http://www.theyworkforyou.com/mp/nicholas_soames/mid_sussex
11675,Peter,Soulsby,Labour,Leicester South,http://www.theyworkforyou.com/mp/peter_soulsby/leicester_south
10557,Helen,Southworth,Labour,Warrington South,http://www.theyworkforyou.com/mp/helen_southworth/warrington_south
10558,John,Spellar,Labour,Warley,http://www.theyworkforyou.com/mp/john_spellar/warley
10559,Caroline,Spelman,Conservative,Meriden,http://www.theyworkforyou.com/mp/caroline_spelman/meriden
10560,Michael,Spicer,Conservative,West Worcestershire,http://www.theyworkforyou.com/mp/michael_spicer/west_worcestershire
11245,Bob,Spink,Independent,Castle Point,http://www.theyworkforyou.com/mp/bob_spink/castle_point
10561,Richard,Spring,Conservative,West Suffolk,http://www.theyworkforyou.com/mp/richard_spring/west_suffolk
10563,John,Stanley,Conservative,Tonbridge & Malling,http://www.theyworkforyou.com/mp/john_stanley/tonbridge_and_malling
10564,Phyllis,Starkey,Labour,Milton Keynes South West,http://www.theyworkforyou.com/mp/phyllis_starkey/milton_keynes_south_west
10565,Anthony,Steen,Conservative,Totnes,http://www.theyworkforyou.com/mp/anthony_steen/totnes
10569,Ian,Stewart,Labour,Eccles,http://www.theyworkforyou.com/mp/ian_stewart/eccles
10571,Howard,Stoate,Labour,Dartford,http://www.theyworkforyou.com/mp/howard_stoate/dartford
10573,Gavin,Strang,Labour,Edinburgh East,http://www.theyworkforyou.com/mp/gavin_strang/edinburgh_east
10574,Jack,Straw,Labour,Blackburn,http://www.theyworkforyou.com/mp/jack_straw/blackburn
10575,Gary,Streeter,Conservative,South West Devon,http://www.theyworkforyou.com/mp/gary_streeter/south_west_devon
10576,Graham,Stringer,Labour,"Manchester, Blackley",http://www.theyworkforyou.com/mp/graham_stringer/manchester%2C_blackley
10577,Gisela,Stuart,Labour,"Birmingham, Edgbaston",http://www.theyworkforyou.com/mp/gisela_stuart/birmingham%2C_edgbaston
11406,Graham,Stuart,Conservative,Beverley & Holderness,http://www.theyworkforyou.com/mp/graham_stuart/beverley_and_holderness
10578,Andrew,Stunell,Liberal Democrat,Hazel Grove,http://www.theyworkforyou.com/mp/andrew_stunell/hazel_grove
10579,Gerry,Sutcliffe,Labour,Bradford South,http://www.theyworkforyou.com/mp/gerry_sutcliffe/bradford_south
10580,Desmond,Swayne,Conservative,New Forest West,http://www.theyworkforyou.com/mp/desmond_swayne/new_forest_west
11971,Jo,Swinson,Liberal Democrat,East Dunbartonshire,http://www.theyworkforyou.com/mp/jo_swinson/east_dunbartonshire
11265,Hugo,Swire,Conservative,East Devon,http://www.theyworkforyou.com/mp/hugo_swire/east_devon
10582,Robert,Syms,Conservative,Poole,http://www.theyworkforyou.com/mp/robert_syms/poole
11267,Mark,Tami,Labour,Alyn & Deeside,http://www.theyworkforyou.com/mp/mark_tami/alyn_and_deeside
10583,Peter,Tapsell,Conservative,Louth & Horncastle,http://www.theyworkforyou.com/mp/peter_tapsell/louth_and_horncastle
10585,Dari,Taylor,Labour,Stockton South,http://www.theyworkforyou.com/mp/dari_taylor/stockton_south
10587,Ian,Taylor,Conservative,Esher & Walton,http://www.theyworkforyou.com/mp/ian_taylor/esher_and_walton
10590,Matthew,Taylor,Liberal Democrat,Truro & St Austell,http://www.theyworkforyou.com/mp/matthew_taylor/truro_and_st_austell
11275,Richard,Taylor,Independent,Wyre Forest,http://www.theyworkforyou.com/mp/richard_taylor/wyre_forest
11350,Sarah,Teather,Liberal Democrat,Brent East,http://www.theyworkforyou.com/mp/sarah_teather/brent_east
10594,Gareth,Thomas,Labour,Harrow West,http://www.theyworkforyou.com/mp/gareth_thomas/harrow_west
11656,Emily,Thornberry,Labour,Islington South & Finsbury,http://www.theyworkforyou.com/mp/emily_thornberry/islington_south_and_finsbury
11280,John,Thurso,Liberal Democrat,"Caithness, Sutherland & Easter Ross",http://www.theyworkforyou.com/mp/john_thurso/caithness%2C_sutherland_and_easter_ross
10596,Stephen,Timms,Labour,East Ham,http://www.theyworkforyou.com/mp/stephen_timms/east_ham
14128,Edward,Timpson,Conservative,Crewe & Nantwich,http://www.theyworkforyou.com/mp/edward_timpson/crewe_and_nantwich
10597,Paddy,Tipping,Labour,Sherwood,http://www.theyworkforyou.com/mp/paddy_tipping/sherwood
10598,Mark,Todd,Labour,South Derbyshire,http://www.theyworkforyou.com/mp/mark_todd/south_derbyshire
10600,Don,Touhig,Labour,Islwyn,http://www.theyworkforyou.com/mp/don_touhig/islwyn
10602,David,Tredinnick,Conservative,Bosworth,http://www.theyworkforyou.com/mp/david_tredinnick/bosworth
10604,Jon,Trickett,Labour,Hemsworth,http://www.theyworkforyou.com/mp/jon_trickett/hemsworth
10606,Paul,Truswell,Labour,Pudsey,http://www.theyworkforyou.com/mp/paul_truswell/pudsey
11291,Andrew,Turner,Conservative,Isle of Wight,http://www.theyworkforyou.com/mp/andrew_turner/isle_of_wight
10608,Desmond,Turner,Labour,"Brighton, Kemptown",http://www.theyworkforyou.com/mp/desmond_turner/brighton%2C_kemptown
10672,Neil,Turner,Labour,Wigan,http://www.theyworkforyou.com/mp/neil_turner/wigan
10610,Derek,Twigg,Labour,Halton,http://www.theyworkforyou.com/mp/derek_twigg/halton
10613,Andrew,Tyrie,Conservative,Chichester,http://www.theyworkforyou.com/mp/andrew_tyrie/chichester
11464,Kitty,Ussher,Labour,Burnley,http://www.theyworkforyou.com/mp/kitty_ussher/burnley
11905,Edward,Vaizey,Conservative,Wantage,http://www.theyworkforyou.com/mp/edward_vaizey/wantage
11475,Shailesh,Vara,Conservative,North West Cambridgeshire,http://www.theyworkforyou.com/mp/shailesh_vara/north_west_cambridgeshire
10614,Keith,Vaz,Labour,Leicester East,http://www.theyworkforyou.com/mp/keith_vaz/leicester_east
10615,Peter,Viggers,Conservative,Gosport,http://www.theyworkforyou.com/mp/peter_viggers/gosport
11500,Theresa,Villiers,Conservative,Chipping Barnet,http://www.theyworkforyou.com/mp/theresa_villiers/chipping_barnet
10616,Rudi,Vis,Labour,Finchley & Golders Green,http://www.theyworkforyou.com/mp/rudi_vis/finchley_and_golders_green
11461,Charles,Walker,Conservative,Broxbourne,http://www.theyworkforyou.com/mp/charles_walker/broxbourne
11668,Ben,Wallace,Conservative,Lancaster & Wyre,http://www.theyworkforyou.com/mp/ben_wallace/lancaster_and_wyre
10619,Joan,Walley,Labour,Stoke-on-Trent North,http://www.theyworkforyou.com/mp/joan_walley/stoke-on-trent_north
10620,Robert,Walter,Conservative,North Dorset,http://www.theyworkforyou.com/mp/robert_walter/north_dorset
11845,Lynda,Waltho,Labour,Stourbridge,http://www.theyworkforyou.com/mp/lynda_waltho/stourbridge
10621,Claire,Ward,Labour,Watford,http://www.theyworkforyou.com/mp/claire_ward/watford
10623,Robert,Wareing,Independent,"Liverpool, West Derby",http://www.theyworkforyou.com/mp/robert_wareing/liverpool%2C_west_derby
10624,Nigel,Waterson,Conservative,Eastbourne,http://www.theyworkforyou.com/mp/nigel_waterson/eastbourne
11308,Angela,Watkinson,Conservative,Upminster,http://www.theyworkforyou.com/mp/angela_watkinson/upminster
11309,Tom,Watson,Labour,West Bromwich East,http://www.theyworkforyou.com/mp/tom_watson/west_bromwich_east
10625,Dave,Watts,Labour,St Helens North,http://www.theyworkforyou.com/mp/dave_watts/st_helens_north
10626,Steve,Webb,Liberal Democrat,Northavon,http://www.theyworkforyou.com/mp/steve_webb/northavon
11312,Michael,Weir,Scottish National Party,Angus,http://www.theyworkforyou.com/mp/michael_weir/angus
10630,Alan,Whitehead,Labour,"Southampton, Test",http://www.theyworkforyou.com/mp/alan_whitehead/southampton%2C_test
10632,John,Whittingdale,Conservative,Maldon & East Chelmsford,http://www.theyworkforyou.com/mp/john_whittingdale/maldon_and_east_chelmsford
10633,Malcolm,Wicks,Labour,Croydon North,http://www.theyworkforyou.com/mp/malcolm_wicks/croydon_north
10634,Ann,Widdecombe,Conservative,Maidstone & The Weald,http://www.theyworkforyou.com/mp/ann_widdecombe/maidstone_and_the_weald
11318,Bill,Wiggin,Conservative,Leominster,http://www.theyworkforyou.com/mp/bill_wiggin/leominster
10637,David,Willetts,Conservative,Havant,http://www.theyworkforyou.com/mp/david_willetts/havant
10639,Alan,Williams,Labour,Swansea West,http://www.theyworkforyou.com/mp/alan_williams/swansea_west
10640,Betty,Williams,Labour,Conwy,http://www.theyworkforyou.com/mp/betty_williams/conwy
11323,Hywel,Williams,Plaid Cymru,Caernarfon,http://www.theyworkforyou.com/mp/hywel_williams/caernarfon
11489,Mark,Williams,Liberal Democrat,Ceredigion,http://www.theyworkforyou.com/mp/mark_williams/ceredigion
11324,Roger,Williams,Liberal Democrat,Brecon & Radnorshire,http://www.theyworkforyou.com/mp/roger_williams/brecon_and_radnorshire
11458,Stephen,Williams,Liberal Democrat,Bristol West,http://www.theyworkforyou.com/mp/stephen_williams/bristol_west
10641,Phil,Willis,Liberal Democrat,Harrogate & Knaresborough,http://www.theyworkforyou.com/mp/phil_willis/harrogate_and_knaresborough
11480,Jennifer,Willott,Liberal Democrat,Cardiff Central,http://www.theyworkforyou.com/mp/jennifer_willott/cardiff_central
10642,Michael,Wills,Labour,North Swindon,http://www.theyworkforyou.com/mp/michael_wills/north_swindon
10643,David,Wilshire,Conservative,Spelthorne,http://www.theyworkforyou.com/mp/david_wilshire/spelthorne
13933,Phil,Wilson,Labour,Sedgefield,http://www.theyworkforyou.com/mp/phil_wilson/sedgefield
11773,Robert,Wilson,Conservative,Reading East,http://www.theyworkforyou.com/mp/robert_wilson/reading_east
11374,Sammy,Wilson,DUP,East Antrim,http://www.theyworkforyou.com/mp/sammy_wilson/east_antrim
10645,David,Winnick,Labour,Walsall North,http://www.theyworkforyou.com/mp/david_winnick/walsall_north
10646,Ann,Winterton,Conservative,Congleton,http://www.theyworkforyou.com/mp/ann_winterton/congleton
10647,Nicholas,Winterton,Conservative,Macclesfield,http://www.theyworkforyou.com/mp/nicholas_winterton/macclesfield
10648,Rosie,Winterton,Labour,Doncaster Central,http://www.theyworkforyou.com/mp/rosie_winterton/doncaster_central
11333,Pete,Wishart,Scottish National Party,Perth & Perthshire North,http://www.theyworkforyou.com/mp/pete_wishart/perth_and_perthshire_north
10650,Mike,Wood,Labour,Batley & Spen,http://www.theyworkforyou.com/mp/mike_wood/batley_and_spen
10651,Shaun,Woodward,Labour,St Helens South,http://www.theyworkforyou.com/mp/shaun_woodward/st_helens_south
10652,Phil,Woolas,Labour,Oldham East & Saddleworth,http://www.theyworkforyou.com/mp/phil_woolas/oldham_east_and_saddleworth
10655,Anthony D,Wright,Labour,Great Yarmouth,http://www.theyworkforyou.com/mp/anthony_d_wright/great_yarmouth
11340,David,Wright,Labour,Telford,http://www.theyworkforyou.com/mp/david_wright/telford
11362,Iain,Wright,Labour,Hartlepool,http://www.theyworkforyou.com/mp/iain_wright/hartlepool
11791,Jeremy,Wright,Conservative,Rugby & Kenilworth,http://www.theyworkforyou.com/mp/jeremy_wright/rugby_and_kenilworth
10656,Tony,Wright,Labour,Cannock Chase,http://www.theyworkforyou.com/mp/tony_wright/cannock_chase
10657,Derek,Wyatt,Labour,Sittingbourne & Sheppey,http://www.theyworkforyou.com/mp/derek_wyatt/sittingbourne_and_sheppey
10658,Tim,Yeo,Conservative,South Suffolk,http://www.theyworkforyou.com/mp/tim_yeo/south_suffolk
10659,George,Young,Conservative,North West Hampshire,http://www.theyworkforyou.com/mp/george_young/north_west_hampshire
11345,Richard,Younger-Ross,Liberal Democrat,Teignbridge,http://www.theyworkforyou.com/mp/richard_younger-ross/teignbridge